Age,Male,Female,Total,Year,Country,,,,,
under 1 year,351137,333241,684378,2008,Ger,,,,,
1 year,350400,331728,682128,2008,Ger,,,,,
2 years,350611,332338,682949,2008,Ger,,,,,
3 years,358384,340306,698690,2008,Ger,,,,,
4 years,363590,345252,708842,2008,Ger,,,,,
5 years,367366,348772,716138,2008,Ger,,,,,
6 years,374781,355620,730401,2008,Ger,,,,,
7 years,386870,368585,755455,2008,Ger,,,,,
8 years,396585,377111,773696,2008,Ger,,,,,
9 years,402202,381109,783311,2008,Ger,,,,,
10 years,412572,391651,804223,2008,Ger,,,,,
11 years,415815,394288,810103,2008,Ger,,,,,
12 years,406012,385155,791167,2008,Ger,,,,,
13 years,402577,381794,784371,2008,Ger,,,,,
14 years,413642,392023,805665,2008,Ger,,,,,
15 years,426975,405699,832674,2008,Ger,,,,,
16 years,441441,419886,861327,2008,Ger,,,,,
17 years,473445,449538,922983,2008,Ger,,,,,
18 years,494443,470418,964861,2008,Ger,,,,,
19 years,501855,478514,980369,2008,Ger,,,,,
20 years,507882,484928,992810,2008,Ger,,,,,
21 years,501442,481753,983195,2008,Ger,,,,,
22 years,492572,476565,969137,2008,Ger,,,,,
23 years,488265,473270,961535,2008,Ger,,,,,
24 years,492944,478839,971783,2008,Ger,,,,,
25 years,504076,490143,994219,2008,Ger,,,,,
26 years,510767,498376,1009143,2008,Ger,,,,,
27 years,512719,501602,1014321,2008,Ger,,,,,
28 years,504245,492229,996474,2008,Ger,,,,,
29 years,490104,477626,967730,2008,Ger,,,,,
30 years,485455,472687,958142,2008,Ger,,,,,
31 years,480610,467974,948584,2008,Ger,,,,,
32 years,472275,458814,931089,2008,Ger,,,,,
33 years,470148,456941,927089,2008,Ger,,,,,
34 years,476103,464003,940106,2008,Ger,,,,,
35 years,503425,489029,992454,2008,Ger,,,,,
36 years,556111,537360,1093471,2008,Ger,,,,,
37 years,599053,575647,1174700,2008,Ger,,,,,
38 years,636819,609210,1246029,2008,Ger,,,,,
39 years,676526,645339,1321865,2008,Ger,,,,,
40 years,701124,669267,1370391,2008,Ger,,,,,
41 years,720313,687250,1407563,2008,Ger,,,,,
42 years,734423,697179,1431602,2008,Ger,,,,,
43 years,743679,705144,1448823,2008,Ger,,,,,
44 years,746695,710784,1457479,2008,Ger,,,,,
45 years,731691,699572,1431263,2008,Ger,,,,,
46 years,712234,686270,1398504,2008,Ger,,,,,
47 years,695290,673854,1369144,2008,Ger,,,,,
48 years,674336,654256,1328592,2008,Ger,,,,,
49 years,646481,627487,1273968,2008,Ger,,,,,
50 years,622430,605285,1227715,2008,Ger,,,,,
51 years,606901,593160,1200061,2008,Ger,,,,,
52 years,588396,579395,1167791,2008,Ger,,,,,
53 years,571143,569718,1140861,2008,Ger,,,,,
54 years,554094,559596,1113690,2008,Ger,,,,,
55 years,544211,552813,1097024,2008,Ger,,,,,
56 years,538273,548200,1086473,2008,Ger,,,,,
57 years,533561,544343,1077904,2008,Ger,,,,,
58 years,526001,535373,1061374,2008,Ger,,,,,
59 years,496318,502936,999254,2008,Ger,,,,,
60 years,459775,467719,927494,2008,Ger,,,,,
61 years,415763,426038,841801,2008,Ger,,,,,
62 years,362864,376227,739091,2008,Ger,,,,,
63 years,394089,412584,806673,2008,Ger,,,,,
64 years,451888,473255,925143,2008,Ger,,,,,
65 years,446850,470593,917443,2008,Ger,,,,,
66 years,482640,514789,997429,2008,Ger,,,,,
67 years,536116,580692,1116808,2008,Ger,,,,,
68 years,537857,591189,1129046,2008,Ger,,,,,
69 years,507630,565774,1073404,2008,Ger,,,,,
70 years,466047,527372,993419,2008,Ger,,,,,
71 years,434168,501873,936041,2008,Ger,,,,,
72 years,410030,484442,894472,2008,Ger,,,,,
73 years,377968,455931,833899,2008,Ger,,,,,
74 years,318387,393897,712284,2008,Ger,,,,,
75 years,273080,348470,621550,2008,Ger,,,,,
76 years,263679,347961,611640,2008,Ger,,,,,
77 years,260381,356552,616933,2008,Ger,,,,,
78 years,248866,354758,603624,2008,Ger,,,,,
79 years,230105,340835,570940,2008,Ger,,,,,
80 years,204562,323255,527817,2008,Ger,,,,,
81 years,174589,307744,482333,2008,Ger,,,,,
82 years,151416,298738,450154,2008,Ger,,,,,
83 years,126141,279713,405854,2008,Ger,,,,,
84 years,104135,254800,358935,2008,Ger,,,,,
85 years and over,459731,1308735,1768466,2008,Ger,,,,,
Total,40238595,41881181,82119776,2008,Ger,,,,,
under 1 year,345563,328428,673991,2009,Ger,,,,,
1 year,352806,334936,687742,2009,Ger,,,,,
2 years,350783,332126,682909,2009,Ger,,,,,
3 years,350672,332442,683114,2009,Ger,,,,,
4 years,358225,340187,698412,2009,Ger,,,,,
5 years,363217,344913,708130,2009,Ger,,,,,
6 years,366558,347924,714482,2009,Ger,,,,,
7 years,374249,355215,729464,2009,Ger,,,,,
8 years,386613,368422,755035,2009,Ger,,,,,
9 years,396358,376833,773191,2009,Ger,,,,,
10 years,401728,380732,782460,2009,Ger,,,,,
11 years,412353,391464,803817,2009,Ger,,,,,
12 years,415516,394127,809643,2009,Ger,,,,,
13 years,405913,385038,790951,2009,Ger,,,,,
14 years,402513,381689,784202,2009,Ger,,,,,
15 years,413696,392030,805726,2009,Ger,,,,,
16 years,427439,406138,833577,2009,Ger,,,,,
17 years,441660,420163,861823,2009,Ger,,,,,
18 years,474528,450835,925363,2009,Ger,,,,,
19 years,497110,473562,970672,2009,Ger,,,,,
20 years,505095,482976,988071,2009,Ger,,,,,
21 years,510863,488662,999525,2009,Ger,,,,,
22 years,504324,484682,989006,2009,Ger,,,,,
23 years,495304,478645,973949,2009,Ger,,,,,
24 years,490047,474483,964530,2009,Ger,,,,,
25 years,493895,478929,972824,2009,Ger,,,,,
26 years,503970,489426,993396,2009,Ger,,,,,
27 years,510199,497197,1007396,2009,Ger,,,,,
28 years,511515,500424,1011939,2009,Ger,,,,,
29 years,502518,491018,993536,2009,Ger,,,,,
30 years,488045,476100,964145,2009,Ger,,,,,
31 years,483420,471304,954724,2009,Ger,,,,,
32 years,478390,466762,945152,2009,Ger,,,,,
33 years,470084,457582,927666,2009,Ger,,,,,
34 years,467778,455796,923574,2009,Ger,,,,,
35 years,473683,462845,936528,2009,Ger,,,,,
36 years,500882,487894,988776,2009,Ger,,,,,
37 years,553545,536055,1089600,2009,Ger,,,,,
38 years,596200,574232,1170432,2009,Ger,,,,,
39 years,633969,607808,1241777,2009,Ger,,,,,
40 years,673572,643892,1317464,2009,Ger,,,,,
41 years,698310,667899,1366209,2009,Ger,,,,,
42 years,717158,685602,1402760,2009,Ger,,,,,
43 years,731030,695468,1426498,2009,Ger,,,,,
44 years,740190,703473,1443663,2009,Ger,,,,,
45 years,743104,709050,1452154,2009,Ger,,,,,
46 years,727916,697832,1425748,2009,Ger,,,,,
47 years,708357,684475,1392832,2009,Ger,,,,,
48 years,691214,672021,1363235,2009,Ger,,,,,
49 years,670210,652333,1322543,2009,Ger,,,,,
50 years,642314,625514,1267828,2009,Ger,,,,,
51 years,618213,603356,1221569,2009,Ger,,,,,
52 years,602482,591054,1193536,2009,Ger,,,,,
53 years,583796,577291,1161087,2009,Ger,,,,,
54 years,566512,567425,1133937,2009,Ger,,,,,
55 years,549270,557176,1106446,2009,Ger,,,,,
56 years,539248,550240,1089488,2009,Ger,,,,,
57 years,533069,545397,1078466,2009,Ger,,,,,
58 years,528106,541333,1069439,2009,Ger,,,,,
59 years,520170,532261,1052431,2009,Ger,,,,,
60 years,490109,499540,989649,2009,Ger,,,,,
61 years,453616,464303,917919,2009,Ger,,,,,
62 years,409706,422669,832375,2009,Ger,,,,,
63 years,357106,373096,730202,2009,Ger,,,,,
64 years,387622,408976,796598,2009,Ger,,,,,
65 years,443933,469070,913003,2009,Ger,,,,,
66 years,438605,466103,904708,2009,Ger,,,,,
67 years,473301,509679,982980,2009,Ger,,,,,
68 years,525113,574645,1099758,2009,Ger,,,,,
69 years,525839,584516,1110355,2009,Ger,,,,,
70 years,495384,558773,1054157,2009,Ger,,,,,
71 years,453972,520231,974203,2009,Ger,,,,,
72 years,421768,494248,916016,2009,Ger,,,,,
73 years,397056,476179,873235,2009,Ger,,,,,
74 years,364713,447158,811871,2009,Ger,,,,,
75 years,305976,385459,691435,2009,Ger,,,,,
76 years,261259,339783,601042,2009,Ger,,,,,
77 years,251071,338300,589371,2009,Ger,,,,,
78 years,246487,345252,591739,2009,Ger,,,,,
79 years,234196,342004,576200,2009,Ger,,,,,
80 years,214994,326881,541875,2009,Ger,,,,,
81 years,189847,308111,497958,2009,Ger,,,,,
82 years,160701,291237,451938,2009,Ger,,,,,
83 years,138206,280380,418586,2009,Ger,,,,,
84 years,113988,260127,374115,2009,Ger,,,,,
85 years and over,483235,1351664,1834899,2009,Ger,,,,,
Total,40133270,41741500,81874770,2009,Ger,,,,,
under 1 year,344107,327370,671477,2010,Ger,,,,,
1 year,348095,330912,679007,2010,Ger,,,,,
2 years,353764,335860,689624,2010,Ger,,,,,
3 years,351412,332816,684228,2010,Ger,,,,,
4 years,351147,332921,684068,2010,Ger,,,,,
5 years,358499,340451,698950,2010,Ger,,,,,
6 years,363036,344699,707735,2010,Ger,,,,,
7 years,366605,348069,714674,2010,Ger,,,,,
8 years,374564,355553,730117,2010,Ger,,,,,
9 years,387066,368698,755764,2010,Ger,,,,,
10 years,396563,377127,773690,2010,Ger,,,,,
11 years,402110,381110,783220,2010,Ger,,,,,
12 years,412627,391823,804450,2010,Ger,,,,,
13 years,416007,394587,810594,2010,Ger,,,,,
14 years,406435,385447,791882,2010,Ger,,,,,
15 years,403203,382265,785468,2010,Ger,,,,,
16 years,414972,393047,808019,2010,Ger,,,,,
17 years,428512,406994,835506,2010,Ger,,,,,
18 years,443759,422196,865955,2010,Ger,,,,,
19 years,478200,454868,933068,2010,Ger,,,,,
20 years,501503,479031,980534,2010,Ger,,,,,
21 years,509514,488016,997530,2010,Ger,,,,,
22 years,515145,492769,1007914,2010,Ger,,,,,
23 years,508724,488251,996975,2010,Ger,,,,,
24 years,499056,481620,980676,2010,Ger,,,,,
25 years,493187,476314,969501,2010,Ger,,,,,
26 years,496084,480033,976117,2010,Ger,,,,,
27 years,505433,490055,995488,2010,Ger,,,,,
28 years,511129,497737,1008866,2010,Ger,,,,,
29 years,512112,500638,1012750,2010,Ger,,,,,
30 years,502820,491091,993911,2010,Ger,,,,,
31 years,488301,476094,964395,2010,Ger,,,,,
32 years,483320,471518,954838,2010,Ger,,,,,
33 years,478257,466801,945058,2010,Ger,,,,,
34 years,469645,457665,927310,2010,Ger,,,,,
35 years,467264,455771,923035,2010,Ger,,,,,
36 years,473284,462766,936050,2010,Ger,,,,,
37 years,500097,487668,987765,2010,Ger,,,,,
38 years,552630,535629,1088259,2010,Ger,,,,,
39 years,595165,573960,1169125,2010,Ger,,,,,
40 years,632813,607445,1240258,2010,Ger,,,,,
41 years,672444,643540,1315984,2010,Ger,,,,,
42 years,696809,667215,1364024,2010,Ger,,,,,
43 years,715514,684930,1400444,2010,Ger,,,,,
44 years,729138,694701,1423839,2010,Ger,,,,,
45 years,737975,702598,1440573,2010,Ger,,,,,
46 years,740674,708172,1448846,2010,Ger,,,,,
47 years,725208,696664,1421872,2010,Ger,,,,,
48 years,705479,683336,1388815,2010,Ger,,,,,
49 years,688183,670656,1358839,2010,Ger,,,,,
50 years,666985,650922,1317907,2010,Ger,,,,,
51 years,638979,624080,1263059,2010,Ger,,,,,
52 years,614649,601841,1216490,2010,Ger,,,,,
53 years,598709,589368,1188077,2010,Ger,,,,,
54 years,579843,575433,1155276,2010,Ger,,,,,
55 years,562255,565442,1127697,2010,Ger,,,,,
56 years,544999,555036,1100035,2010,Ger,,,,,
57 years,534565,547951,1082516,2010,Ger,,,,,
58 years,528159,542928,1071087,2010,Ger,,,,,
59 years,522799,538706,1061505,2010,Ger,,,,,
60 years,514303,529134,1043437,2010,Ger,,,,,
61 years,484145,496380,980525,2010,Ger,,,,,
62 years,447722,461061,908783,2010,Ger,,,,,
63 years,403818,419581,823399,2010,Ger,,,,,
64 years,351369,370067,721436,2010,Ger,,,,,
65 years,381006,405420,786426,2010,Ger,,,,,
66 years,436171,464768,900939,2010,Ger,,,,,
67 years,430336,461648,891984,2010,Ger,,,,,
68 years,463911,504559,968470,2010,Ger,,,,,
69 years,513890,568469,1082359,2010,Ger,,,,,
70 years,513465,577651,1091116,2010,Ger,,,,,
71 years,483004,551635,1034639,2010,Ger,,,,,
72 years,441438,512840,954278,2010,Ger,,,,,
73 years,409083,486365,895448,2010,Ger,,,,,
74 years,383719,467495,851214,2010,Ger,,,,,
75 years,351079,437984,789063,2010,Ger,,,,,
76 years,293278,376206,669484,2010,Ger,,,,,
77 years,249152,330614,579766,2010,Ger,,,,,
78 years,238120,327776,565896,2010,Ger,,,,,
79 years,232357,333080,565437,2010,Ger,,,,,
80 years,219103,328366,547469,2010,Ger,,,,,
81 years,199780,311953,511733,2010,Ger,,,,,
82 years,174845,292031,466876,2010,Ger,,,,,
83 years,146981,273713,420694,2010,Ger,,,,,
84 years,125100,261016,386116,2010,Ger,,,,,
85 years and over,513164,1396584,1909748,2010,Ger,,,,,
Total,40099871,41657600,81757471,2010,Ger,,,,,
under 1 year,341619,325140,666759,2011,Ger,,,,,
1 year,344784,327887,672671,2011,Ger,,,,,
2 years,347773,330361,678134,2011,Ger,,,,,
3 years,353198,335370,688567,2011,Ger,,,,,
4 years,350559,331970,682529,2011,Ger,,,,,
5 years,349963,331705,681668,2011,Ger,,,,,
6 years,356828,338889,695717,2011,Ger,,,,,
7 years,361763,343627,705390,2011,Ger,,,,,
8 years,365524,346958,712482,2011,Ger,,,,,
9 years,373877,354153,728029,2011,Ger,,,,,
10 years,386703,366788,753491,2011,Ger,,,,,
11 years,395814,375668,771482,2011,Ger,,,,,
12 years,400824,380498,781322,2011,Ger,,,,,
13 years,411135,391204,802339,2011,Ger,,,,,
14 years,414124,393620,807744,2011,Ger,,,,,
15 years,404535,384070,788605,2011,Ger,,,,,
16 years,401486,381028,782514,2011,Ger,,,,,
17 years,411073,390225,801298,2011,Ger,,,,,
18 years,421724,401842,823566,2011,Ger,,,,,
19 years,435633,416751,852383,2011,Ger,,,,,
20 years,470002,450358,920359,2011,Ger,,,,,
21 years,492456,473194,965649,2011,Ger,,,,,
22 years,499447,480291,979737,2011,Ger,,,,,
23 years,505755,485829,991584,2011,Ger,,,,,
24 years,499192,481828,981020,2011,Ger,,,,,
25 years,488272,474316,962588,2011,Ger,,,,,
26 years,481719,468709,950428,2011,Ger,,,,,
27 years,484482,472616,957098,2011,Ger,,,,,
28 years,493476,482522,975998,2011,Ger,,,,,
29 years,498104,490352,988456,2011,Ger,,,,,
30 years,496210,492592,988801,2011,Ger,,,,,
31 years,486091,483133,969224,2011,Ger,,,,,
32 years,472659,469463,942122,2011,Ger,,,,,
33 years,468971,465155,934126,2011,Ger,,,,,
34 years,463284,460353,923637,2011,Ger,,,,,
35 years,453286,450753,904039,2011,Ger,,,,,
36 years,451245,448891,900136,2011,Ger,,,,,
37 years,457435,456180,913615,2011,Ger,,,,,
38 years,481789,478893,960682,2011,Ger,,,,,
39 years,530809,524796,1055604,2011,Ger,,,,,
40 years,569416,561661,1131077,2011,Ger,,,,,
41 years,604945,593944,1198889,2011,Ger,,,,,
42 years,644964,630533,1275497,2011,Ger,,,,,
43 years,670862,655674,1326536,2011,Ger,,,,,
44 years,692095,675547,1367642,2011,Ger,,,,,
45 years,706069,686576,1392645,2011,Ger,,,,,
46 years,715671,695340,1411011,2011,Ger,,,,,
47 years,719751,700810,1420561,2011,Ger,,,,,
48 years,705139,689146,1394285,2011,Ger,,,,,
49 years,687641,676325,1363966,2011,Ger,,,,,
50 years,670713,662253,1332966,2011,Ger,,,,,
51 years,650609,643126,1293735,2011,Ger,,,,,
52 years,624176,617608,1241784,2011,Ger,,,,,
53 years,599342,594781,1194122,2011,Ger,,,,,
54 years,583377,582136,1165513,2011,Ger,,,,,
55 years,564242,568192,1132433,2011,Ger,,,,,
56 years,546734,558461,1105194,2011,Ger,,,,,
57 years,529769,548089,1077858,2011,Ger,,,,,
58 years,519450,540571,1060021,2011,Ger,,,,,
59 years,513483,535386,1048869,2011,Ger,,,,,
60 years,507501,530286,1037786,2011,Ger,,,,,
61 years,499243,521059,1020302,2011,Ger,,,,,
62 years,470301,489226,959527,2011,Ger,,,,,
63 years,434139,453383,887522,2011,Ger,,,,,
64 years,391245,412493,803737,2011,Ger,,,,,
65 years,338911,362907,701818,2011,Ger,,,,,
66 years,367582,397801,765383,2011,Ger,,,,,
67 years,421732,456625,878357,2011,Ger,,,,,
68 years,415299,452362,867661,2011,Ger,,,,,
69 years,447244,494457,941700,2011,Ger,,,,,
70 years,495095,557610,1052705,2011,Ger,,,,,
71 years,494689,566987,1061676,2011,Ger,,,,,
72 years,464787,541145,1005932,2011,Ger,,,,,
73 years,423329,501577,924906,2011,Ger,,,,,
74 years,390346,474055,864400,2011,Ger,,,,,
75 years,364681,454283,818963,2011,Ger,,,,,
76 years,332180,424444,756624,2011,Ger,,,,,
77 years,275828,362917,638745,2011,Ger,,,,,
78 years,232749,317794,550543,2011,Ger,,,,,
79 years,220694,313723,534417,2011,Ger,,,,,
80 years,213401,317217,530617,2011,Ger,,,,,
81 years,200336,311449,511785,2011,Ger,,,,,
82 years,180951,293690,474641,2011,Ger,,,,,
83 years,156290,272066,428356,2011,Ger,,,,,
84 years,129498,252576,382073,2011,Ger,,,,,
85 years and over,487182,1411464,1898639,2011,Ger,,,,,
Total,39177274,41097709,80274983,2011,Ger,,,,,
under 1 year,341739,324633,666372,2012,Ger,,,,,
1 year,344630,327913,672542,2012,Ger,,,,,
2 years,347061,329884,676945,2012,Ger,,,,,
3 years,349665,332181,681846,2012,Ger,,,,,
4 years,354799,336912,691711,2012,Ger,,,,,
5 years,351996,333335,685331,2012,Ger,,,,,
6 years,350956,332641,683596,2012,Ger,,,,,
7 years,358048,340056,698104,2012,Ger,,,,,
8 years,363007,344786,707793,2012,Ger,,,,,
9 years,366867,348128,714995,2012,Ger,,,,,
10 years,375178,355289,730467,2012,Ger,,,,,
11 years,387999,367946,755945,2012,Ger,,,,,
12 years,397157,376823,773979,2012,Ger,,,,,
13 years,402015,381617,783632,2012,Ger,,,,,
14 years,412382,392319,804701,2012,Ger,,,,,
15 years,415669,394825,810494,2012,Ger,,,,,
16 years,406755,385661,792416,2012,Ger,,,,,
17 years,403531,382525,786056,2012,Ger,,,,,
18 years,414813,393452,808265,2012,Ger,,,,,
19 years,427879,407917,835796,2012,Ger,,,,,
20 years,442948,424281,867229,2012,Ger,,,,,
21 years,477761,457703,935464,2012,Ger,,,,,
22 years,500682,480434,981115,2012,Ger,,,,,
23 years,508670,488229,996899,2012,Ger,,,,,
24 years,514792,492881,1007673,2012,Ger,,,,,
25 years,507776,488168,995944,2012,Ger,,,,,
26 years,496367,479883,976250,2012,Ger,,,,,
27 years,489109,473731,962840,2012,Ger,,,,,
28 years,491395,477079,968474,2012,Ger,,,,,
29 years,499600,486537,986137,2012,Ger,,,,,
30 years,503585,493904,997489,2012,Ger,,,,,
31 years,501609,495938,997547,2012,Ger,,,,,
32 years,490721,486271,976992,2012,Ger,,,,,
33 years,477235,472289,949524,2012,Ger,,,,,
34 years,473205,467785,940990,2012,Ger,,,,,
35 years,467235,462806,930041,2012,Ger,,,,,
36 years,457249,452996,910245,2012,Ger,,,,,
37 years,454983,451103,906086,2012,Ger,,,,,
38 years,460717,458116,918832,2012,Ger,,,,,
39 years,484772,480756,965528,2012,Ger,,,,,
40 years,533422,526590,1060012,2012,Ger,,,,,
41 years,572085,563151,1135236,2012,Ger,,,,,
42 years,607106,595349,1202455,2012,Ger,,,,,
43 years,646991,631682,1278673,2012,Ger,,,,,
44 years,672480,656722,1329202,2012,Ger,,,,,
45 years,693176,676344,1369520,2012,Ger,,,,,
46 years,706669,687040,1393709,2012,Ger,,,,,
47 years,715733,695432,1411165,2012,Ger,,,,,
48 years,719612,700893,1420505,2012,Ger,,,,,
49 years,704582,689002,1393584,2012,Ger,,,,,
50 years,686827,675955,1362782,2012,Ger,,,,,
51 years,669385,661777,1331162,2012,Ger,,,,,
52 years,648916,642449,1291364,2012,Ger,,,,,
53 years,622228,616715,1238943,2012,Ger,,,,,
54 years,596988,593769,1190757,2012,Ger,,,,,
55 years,580660,580855,1161515,2012,Ger,,,,,
56 years,561191,566662,1127852,2012,Ger,,,,,
57 years,543296,556725,1100021,2012,Ger,,,,,
58 years,525798,546157,1071955,2012,Ger,,,,,
59 years,514979,538285,1053264,2012,Ger,,,,,
60 years,508470,532722,1041192,2012,Ger,,,,,
61 years,502180,527381,1029560,2012,Ger,,,,,
62 years,493480,517913,1011393,2012,Ger,,,,,
63 years,464254,486011,950265,2012,Ger,,,,,
64 years,428062,450116,878178,2012,Ger,,,,,
65 years,385051,409096,794146,2012,Ger,,,,,
66 years,333114,359753,692867,2012,Ger,,,,,
67 years,361023,394124,755147,2012,Ger,,,,,
68 years,413687,452139,865826,2012,Ger,,,,,
69 years,406848,447597,854445,2012,Ger,,,,,
70 years,437422,488866,926288,2012,Ger,,,,,
71 years,483318,550650,1033968,2012,Ger,,,,,
72 years,481933,559296,1041228,2012,Ger,,,,,
73 years,451597,533006,984603,2012,Ger,,,,,
74 years,410213,493109,903322,2012,Ger,,,,,
75 years,376856,464883,841739,2012,Ger,,,,,
76 years,350563,444181,794744,2012,Ger,,,,,
77 years,317836,413661,731497,2012,Ger,,,,,
78 years,262435,352371,614806,2012,Ger,,,,,
79 years,220020,307207,527227,2012,Ger,,,,,
80 years,207220,301743,508963,2012,Ger,,,,,
81 years,198859,303461,502319,2012,Ger,,,,,
82 years,185130,295727,480857,2012,Ger,,,,,
83 years,165567,276778,442345,2012,Ger,,,,,
84 years,141650,253999,395649,2012,Ger,,,,,
85 years and over,524020,1443311,1967323,2012,Ger,,,,,
Total,39305462,41120362,80425823,2012,Ger,,,,,
under 1 year,348135,330606,678741,2013,Ger,,,,,
1 year,346259,328834,675093,2013,Ger,,,,,
2 years,347620,330697,678317,2013,Ger,,,,,
3 years,349661,332395,682056,2013,Ger,,,,,
4 years,352132,334530,686662,2013,Ger,,,,,
5 years,357049,339117,696165,2013,Ger,,,,,
6 years,353724,334907,688631,2013,Ger,,,,,
7 years,352850,334438,687288,2013,Ger,,,,,
8 years,359915,341835,701749,2013,Ger,,,,,
9 years,364979,346624,711603,2013,Ger,,,,,
10 years,368751,349857,718608,2013,Ger,,,,,
11 years,376993,356945,733938,2013,Ger,,,,,
12 years,389890,369658,759548,2013,Ger,,,,,
13 years,398928,378468,777396,2013,Ger,,,,,
14 years,403757,383121,786878,2013,Ger,,,,,
15 years,414415,393929,808344,2013,Ger,,,,,
16 years,418427,396809,815235,2013,Ger,,,,,
17 years,409414,387548,796962,2013,Ger,,,,,
18 years,408739,386432,795171,2013,Ger,,,,,
19 years,423016,400575,823590,2013,Ger,,,,,
20 years,436763,416711,853474,2013,Ger,,,,,
21 years,452102,432662,884764,2013,Ger,,,,,
22 years,487412,466049,953461,2013,Ger,,,,,
23 years,511602,489426,1001028,2013,Ger,,,,,
24 years,519164,496467,1015631,2013,Ger,,,,,
25 years,524907,500324,1025231,2013,Ger,,,,,
26 years,517163,494756,1011919,2013,Ger,,,,,
27 years,505063,485880,990943,2013,Ger,,,,,
28 years,497290,479172,976461,2013,Ger,,,,,
29 years,498579,482021,980600,2013,Ger,,,,,
30 years,506162,490973,997135,2013,Ger,,,,,
31 years,509593,498209,1007802,2013,Ger,,,,,
32 years,506981,499867,1006848,2013,Ger,,,,,
33 years,496217,489865,986081,2013,Ger,,,,,
34 years,482039,475644,957682,2013,Ger,,,,,
35 years,477748,470984,948732,2013,Ger,,,,,
36 years,471704,465654,937357,2013,Ger,,,,,
37 years,461446,455801,917246,2013,Ger,,,,,
38 years,458724,453647,912371,2013,Ger,,,,,
39 years,464267,460588,924855,2013,Ger,,,,,
40 years,487841,483055,970896,2013,Ger,,,,,
41 years,536533,528574,1065106,2013,Ger,,,,,
42 years,574701,564965,1139666,2013,Ger,,,,,
43 years,609459,596930,1206389,2013,Ger,,,,,
44 years,648886,633269,1282155,2013,Ger,,,,,
45 years,674030,658019,1332049,2013,Ger,,,,,
46 years,694152,677265,1371417,2013,Ger,,,,,
47 years,707045,687504,1394549,2013,Ger,,,,,
48 years,715846,695763,1411609,2013,Ger,,,,,
49 years,719263,701013,1420276,2013,Ger,,,,,
50 years,703792,688981,1392773,2013,Ger,,,,,
51 years,685647,675623,1361269,2013,Ger,,,,,
52 years,667798,661245,1329043,2013,Ger,,,,,
53 years,646969,641648,1288617,2013,Ger,,,,,
54 years,619912,615784,1235696,2013,Ger,,,,,
55 years,594280,592688,1186968,2013,Ger,,,,,
56 years,577570,579414,1156984,2013,Ger,,,,,
57 years,557730,564987,1122717,2013,Ger,,,,,
58 years,539301,554882,1094182,2013,Ger,,,,,
59 years,521341,544065,1065406,2013,Ger,,,,,
60 years,510135,535814,1045949,2013,Ger,,,,,
61 years,503171,530002,1033172,2013,Ger,,,,,
62 years,496573,524395,1020967,2013,Ger,,,,,
63 years,487180,514611,1001791,2013,Ger,,,,,
64 years,457824,482575,940399,2013,Ger,,,,,
65 years,421488,446482,867970,2013,Ger,,,,,
66 years,378513,405507,784019,2013,Ger,,,,,
67 years,327187,356366,683552,2013,Ger,,,,,
68 years,354022,390134,744155,2013,Ger,,,,,
69 years,405243,447316,852559,2013,Ger,,,,,
70 years,397943,442444,840387,2013,Ger,,,,,
71 years,427100,482682,909782,2013,Ger,,,,,
72 years,470906,543125,1014031,2013,Ger,,,,,
73 years,468280,550985,1019265,2013,Ger,,,,,
74 years,437713,524120,961833,2013,Ger,,,,,
75 years,396291,483945,880235,2013,Ger,,,,,
76 years,362655,454810,817464,2013,Ger,,,,,
77 years,335717,433119,768836,2013,Ger,,,,,
78 years,302831,401862,704693,2013,Ger,,,,,
79 years,248472,340693,589165,2013,Ger,,,,,
80 years,206715,295475,502190,2013,Ger,,,,,
81 years,193216,288676,481891,2013,Ger,,,,,
82 years,183871,288220,472090,2013,Ger,,,,,
83 years,169274,278660,447934,2013,Ger,,,,,
84 years,149875,258292,408167,2013,Ger,,,,,
85 years and over,565105,1468680,2033780,2013,Ger,,,,,
Total,39468950,41176655,80645605,2013,Ger,,,,,
under 1 year,358923,340822,699745,2014,Ger,,,,,
1 year,354042,336085,690126,2014,Ger,,,,,
2 years,350511,332836,683347,2014,Ger,,,,,
3 years,351338,334272,685610,2014,Ger,,,,,
4 years,353308,335817,689125,2014,Ger,,,,,
5 years,355637,337792,693429,2014,Ger,,,,,
6 years,359958,341801,701759,2014,Ger,,,,,
7 years,356653,337675,694327,2014,Ger,,,,,
8 years,355804,337220,693024,2014,Ger,,,,,
9 years,362871,344610,707481,2014,Ger,,,,,
10 years,367823,349215,717038,2014,Ger,,,,,
11 years,371487,352358,723844,2014,Ger,,,,,
12 years,379563,359310,738873,2014,Ger,,,,,
13 years,392551,372025,764576,2014,Ger,,,,,
14 years,401528,380750,782277,2014,Ger,,,,,
15 years,406750,385385,792134,2014,Ger,,,,,
16 years,418617,396528,815145,2014,Ger,,,,,
17 years,422589,399330,821919,2014,Ger,,,,,
18 years,417337,392418,809755,2014,Ger,,,,,
19 years,419939,394752,814691,2014,Ger,,,,,
20 years,434792,410854,845646,2014,Ger,,,,,
21 years,448301,425918,874219,2014,Ger,,,,,
22 years,463845,441476,905321,2014,Ger,,,,,
23 years,500357,475655,976012,2014,Ger,,,,,
24 years,524420,498563,1022983,2014,Ger,,,,,
25 years,531247,504765,1036012,2014,Ger,,,,,
26 years,536407,507608,1044014,2014,Ger,,,,,
27 years,527408,501483,1028891,2014,Ger,,,,,
28 years,514720,492072,1006792,2014,Ger,,,,,
29 years,505916,485002,990918,2014,Ger,,,,,
30 years,506590,487337,993927,2014,Ger,,,,,
31 years,513042,496057,1009098,2014,Ger,,,,,
32 years,515937,502759,1018696,2014,Ger,,,,,
33 years,513149,504080,1017229,2014,Ger,,,,,
34 years,502045,494031,996076,2014,Ger,,,,,
35 years,487229,479662,966891,2014,Ger,,,,,
36 years,482817,474514,957331,2014,Ger,,,,,
37 years,476330,469011,945341,2014,Ger,,,,,
38 years,465729,458965,924694,2014,Ger,,,,,
39 years,462831,456774,919604,2014,Ger,,,,,
40 years,467925,463415,931340,2014,Ger,,,,,
41 years,491261,485660,976921,2014,Ger,,,,,
42 years,539606,530920,1070525,2014,Ger,,,,,
43 years,577307,567122,1144428,2014,Ger,,,,,
44 years,611890,598986,1210876,2014,Ger,,,,,
45 years,650931,635001,1285932,2014,Ger,,,,,
46 years,675610,659436,1335045,2014,Ger,,,,,
47 years,695142,678233,1373375,2014,Ger,,,,,
48 years,707464,688168,1395631,2014,Ger,,,,,
49 years,715770,696257,1412026,2014,Ger,,,,,
50 years,718569,701249,1419818,2014,Ger,,,,,
51 years,702667,688849,1391516,2014,Ger,,,,,
52 years,684103,675306,1359409,2014,Ger,,,,,
53 years,665888,660657,1326544,2014,Ger,,,,,
54 years,644614,640856,1285470,2014,Ger,,,,,
55 years,617103,614820,1231923,2014,Ger,,,,,
56 years,591146,591393,1182539,2014,Ger,,,,,
57 years,574046,577875,1151921,2014,Ger,,,,,
58 years,553748,563248,1116995,2014,Ger,,,,,
59 years,534809,552826,1087635,2014,Ger,,,,,
60 years,516572,541658,1058230,2014,Ger,,,,,
61 years,504790,533158,1037947,2014,Ger,,,,,
62 years,497484,527225,1024708,2014,Ger,,,,,
63 years,490264,521105,1011369,2014,Ger,,,,,
64 years,480559,511151,991710,2014,Ger,,,,,
65 years,450832,478764,929596,2014,Ger,,,,,
66 years,414432,442618,857050,2014,Ger,,,,,
67 years,371871,401734,773605,2014,Ger,,,,,
68 years,320914,352771,673685,2014,Ger,,,,,
69 years,346812,385899,732711,2014,Ger,,,,,
70 years,396380,442103,838483,2014,Ger,,,,,
71 years,388585,436873,825458,2014,Ger,,,,,
72 years,416280,476112,892392,2014,Ger,,,,,
73 years,457759,535111,992869,2014,Ger,,,,,
74 years,454106,541960,996065,2014,Ger,,,,,
75 years,423244,514680,937923,2014,Ger,,,,,
76 years,381838,473779,855617,2014,Ger,,,,,
77 years,347876,443945,791820,2014,Ger,,,,,
78 years,320411,421153,741564,2014,Ger,,,,,
79 years,287460,389137,676596,2014,Ger,,,,,
80 years,234029,328150,562179,2014,Ger,,,,,
81 years,193381,282963,476343,2014,Ger,,,,,
82 years,179076,274630,453705,2014,Ger,,,,,
83 years,168559,272025,440583,2014,Ger,,,,,
84 years,153566,260830,414396,2014,Ger,,,,,
85 years and over,609198,1498944,2108132,2014,Ger,,,,,
Total,39696190,41286310,80982500,2014,Ger,,,,,
under 1 year,375057,355513,730570,2015,Ger,,,,,
1 year,368558,349439,717997,2015,Ger,,,,,
2 years,362051,342938,704989,2015,Ger,,,,,
3 years,357980,339453,697433,2015,Ger,,,,,
4 years,358471,340520,698991,2015,Ger,,,,,
5 years,360511,341847,702357,2015,Ger,,,,,
6 years,362087,343362,705448,2015,Ger,,,,,
7 years,366515,347335,713850,2015,Ger,,,,,
8 years,362957,343015,705971,2015,Ger,,,,,
9 years,361809,342262,704070,2015,Ger,,,,,
10 years,368873,349488,718361,2015,Ger,,,,,
11 years,373339,353771,727110,2015,Ger,,,,,
12 years,376899,356626,733525,2015,Ger,,,,,
13 years,385114,363465,748578,2015,Ger,,,,,
14 years,398632,376045,774677,2015,Ger,,,,,
15 years,409475,384964,794438,2015,Ger,,,,,
16 years,418816,389831,808647,2015,Ger,,,,,
17 years,430839,401001,831840,2015,Ger,,,,,
18 years,443027,406669,849695,2015,Ger,,,,,
19 years,439906,403851,843757,2015,Ger,,,,,
20 years,443747,408270,852016,2015,Ger,,,,,
21 years,456340,422596,878936,2015,Ger,,,,,
22 years,469896,437093,906989,2015,Ger,,,,,
23 years,486147,453554,939701,2015,Ger,,,,,
24 years,522107,487356,1009463,2015,Ger,,,,,
25 years,546480,509620,1056100,2015,Ger,,,,,
26 years,551083,514808,1065891,2015,Ger,,,,,
27 years,554609,517111,1071719,2015,Ger,,,,,
28 years,543864,510174,1054038,2015,Ger,,,,,
29 years,529333,500174,1029507,2015,Ger,,,,,
30 years,520095,493007,1013102,2015,Ger,,,,,
31 years,518542,494689,1013231,2015,Ger,,,,,
32 years,524005,502800,1026805,2015,Ger,,,,,
33 years,526223,508977,1035200,2015,Ger,,,,,
34 years,522698,509937,1032634,2015,Ger,,,,,
35 years,511729,500122,1011851,2015,Ger,,,,,
36 years,495519,485081,980600,2015,Ger,,,,,
37 years,490447,479436,969882,2015,Ger,,,,,
38 years,483428,473805,957232,2015,Ger,,,,,
39 years,472241,463375,935616,2015,Ger,,,,,
40 years,469271,461046,930316,2015,Ger,,,,,
41 years,473561,467428,940989,2015,Ger,,,,,
42 years,496337,489428,985765,2015,Ger,,,,,
43 years,544204,534192,1078396,2015,Ger,,,,,
44 years,581605,570114,1151719,2015,Ger,,,,,
45 years,615682,601731,1217412,2015,Ger,,,,,
46 years,654137,637431,1291567,2015,Ger,,,,,
47 years,678261,661522,1339782,2015,Ger,,,,,
48 years,696954,679757,1376711,2015,Ger,,,,,
49 years,708338,689254,1397592,2015,Ger,,,,,
50 years,715990,697061,1413051,2015,Ger,,,,,
51 years,718216,701555,1419771,2015,Ger,,,,,
52 years,701796,689005,1390801,2015,Ger,,,,,
53 years,682815,675083,1357897,2015,Ger,,,,,
54 years,664000,660190,1324190,2015,Ger,,,,,
55 years,642276,640235,1282510,2015,Ger,,,,,
56 years,614146,613722,1227868,2015,Ger,,,,,
57 years,587962,590149,1178111,2015,Ger,,,,,
58 years,570274,576286,1146560,2015,Ger,,,,,
59 years,549456,561383,1110839,2015,Ger,,,,,
60 years,530260,550598,1080858,2015,Ger,,,,,
61 years,511391,539016,1050407,2015,Ger,,,,,
62 years,499189,530457,1029646,2015,Ger,,,,,
63 years,491163,524092,1015255,2015,Ger,,,,,
64 years,483691,517660,1001351,2015,Ger,,,,,
65 years,473326,507357,980682,2015,Ger,,,,,
66 years,443442,474688,918130,2015,Ger,,,,,
67 years,407163,438554,845717,2015,Ger,,,,,
68 years,364868,397741,762609,2015,Ger,,,,,
69 years,314348,348904,663252,2015,Ger,,,,,
70 years,339132,381355,720487,2015,Ger,,,,,
71 years,387022,436490,823511,2015,Ger,,,,,
72 years,378736,430846,809581,2015,Ger,,,,,
73 years,404763,468966,873729,2015,Ger,,,,,
74 years,443964,526433,970397,2015,Ger,,,,,
75 years,439053,532208,971261,2015,Ger,,,,,
76 years,407938,503983,911921,2015,Ger,,,,,
77 years,366582,462724,829306,2015,Ger,,,,,
78 years,332400,432004,764403,2015,Ger,,,,,
79 years,304615,408096,712711,2015,Ger,,,,,
80 years,271059,375124,646183,2015,Ger,,,,,
81 years,219113,314458,533571,2015,Ger,,,,,
82 years,179388,269372,448760,2015,Ger,,,,,
83 years,164499,259422,423920,2015,Ger,,,,,
84 years,153237,254887,408124,2015,Ger,,,,,
85 years and over,649744,1526460,2176197,2015,Ger,,,,,
Total,40174790,41511821,81686611,2015,Ger,,,,,
under 1 year,393058,373453,766510,2016,Ger,,,,,
1 year,385900,365399,751299,2016,Ger,,,,,
2 years,377321,357092,734413,2016,Ger,,,,,
3 years,370243,350237,720480,2016,Ger,,,,,
4 years,365919,346376,712295,2016,Ger,,,,,
5 years,366191,347066,713256,2016,Ger,,,,,
6 years,367533,347821,715353,2016,Ger,,,,,
7 years,369449,349541,718990,2016,Ger,,,,,
8 years,373714,353465,727178,2016,Ger,,,,,
9 years,369605,348539,718144,2016,Ger,,,,,
10 years,368492,347607,716099,2016,Ger,,,,,
11 years,374921,354469,729389,2016,Ger,,,,,
12 years,379302,358406,737708,2016,Ger,,,,,
13 years,382991,361069,744059,2016,Ger,,,,,
14 years,392041,367636,759677,2016,Ger,,,,,
15 years,407898,380640,788538,2016,Ger,,,,,
16 years,424223,390012,814235,2016,Ger,,,,,
17 years,435559,394791,830350,2016,Ger,,,,,
18 years,454116,408794,862910,2016,Ger,,,,,
19 years,466639,418746,885384,2016,Ger,,,,,
20 years,463396,417468,880864,2016,Ger,,,,,
21 years,463561,419832,883393,2016,Ger,,,,,
22 years,476092,433099,909191,2016,Ger,,,,,
23 years,489600,448620,938220,2016,Ger,,,,,
24 years,504601,464687,969287,2016,Ger,,,,,
25 years,540965,497855,1038820,2016,Ger,,,,,
26 years,562529,519282,1081810,2016,Ger,,,,,
27 years,566220,524072,1090292,2016,Ger,,,,,
28 years,567907,525265,1093171,2016,Ger,,,,,
29 years,555291,517836,1073127,2016,Ger,,,,,
30 years,540262,507982,1048243,2016,Ger,,,,,
31 years,529599,500272,1029871,2016,Ger,,,,,
32 years,526900,501181,1028081,2016,Ger,,,,,
33 years,531757,508944,1040701,2016,Ger,,,,,
34 years,533108,514465,1047573,2016,Ger,,,,,
35 years,530079,515635,1045714,2016,Ger,,,,,
36 years,517711,505357,1023068,2016,Ger,,,,,
37 years,501084,489653,990737,2016,Ger,,,,,
38 years,495542,484018,979559,2016,Ger,,,,,
39 years,488028,477786,965814,2016,Ger,,,,,
40 years,476727,467439,944165,2016,Ger,,,,,
41 years,473241,464718,937959,2016,Ger,,,,,
42 years,476995,470939,947934,2016,Ger,,,,,
43 years,499612,492536,992148,2016,Ger,,,,,
44 years,547008,536824,1083832,2016,Ger,,,,,
45 years,583985,572586,1156570,2016,Ger,,,,,
46 years,617514,603904,1221418,2016,Ger,,,,,
47 years,655264,639235,1294499,2016,Ger,,,,,
48 years,679009,662862,1341871,2016,Ger,,,,,
49 years,696874,680578,1377452,2016,Ger,,,,,
50 years,707650,689785,1397435,2016,Ger,,,,,
51 years,714855,697131,1411985,2016,Ger,,,,,
52 years,716402,701329,1417731,2016,Ger,,,,,
53 years,699603,688463,1388066,2016,Ger,,,,,
54 years,680031,674290,1354320,2016,Ger,,,,,
55 years,660762,659141,1319902,2016,Ger,,,,,
56 years,638647,638797,1277443,2016,Ger,,,,,
57 years,610240,612110,1222350,2016,Ger,,,,,
58 years,583572,588176,1171748,2016,Ger,,,,,
59 years,565399,574042,1139441,2016,Ger,,,,,
60 years,544277,558998,1103275,2016,Ger,,,,,
61 years,524698,547737,1072435,2016,Ger,,,,,
62 years,505536,536044,1041580,2016,Ger,,,,,
63 years,492578,527123,1019701,2016,Ger,,,,,
64 years,484269,520409,1004678,2016,Ger,,,,,
65 years,476148,513683,989831,2016,Ger,,,,,
66 years,465336,502955,968290,2016,Ger,,,,,
67 years,435329,470172,905501,2016,Ger,,,,,
68 years,399351,434034,833384,2016,Ger,,,,,
69 years,357303,393285,750587,2016,Ger,,,,,
70 years,307072,344577,651649,2016,Ger,,,,,
71 years,330896,376284,707180,2016,Ger,,,,,
72 years,376896,430313,807209,2016,Ger,,,,,
73 years,368178,424189,792366,2016,Ger,,,,,
74 years,392502,461161,853663,2016,Ger,,,,,
75 years,429188,516715,945903,2016,Ger,,,,,
76 years,422996,521225,944221,2016,Ger,,,,,
77 years,391755,492349,884104,2016,Ger,,,,,
78 years,350255,450462,800716,2016,Ger,,,,,
79 years,315981,418804,734785,2016,Ger,,,,,
80 years,287564,393509,681073,2016,Ger,,,,,
81 years,253898,359717,613615,2016,Ger,,,,,
82 years,203491,299392,502883,2016,Ger,,,,,
83 years,164927,254557,419484,2016,Ger,,,,,
84 years,149630,243008,392638,2016,Ger,,,,,
85 years and over,682865,1543024,2225877,2016,Ger,,,,,
Total,40605621,41743048,82348669,2016,Ger,,,,,
under 1 year,403067,383620,786687,2017,Ger,,,,,
1 year,399732,379602,779334,2017,Ger,,,,,
2 years,391390,370533,761923,2017,Ger,,,,,
3 years,382254,361782,744036,2017,Ger,,,,,
4 years,374961,354673,729634,2017,Ger,,,,,
5 years,370427,350442,720869,2017,Ger,,,,,
6 years,370195,350565,720759,2017,Ger,,,,,
7 years,371834,351767,723600,2017,Ger,,,,,
8 years,373861,353675,727536,2017,Ger,,,,,
9 years,377988,357320,735308,2017,Ger,,,,,
10 years,373676,352115,725790,2017,Ger,,,,,
11 years,372366,351047,723413,2017,Ger,,,,,
12 years,378522,357605,736127,2017,Ger,,,,,
13 years,382927,361432,744359,2017,Ger,,,,,
14 years,386901,363891,750792,2017,Ger,,,,,
15 years,396862,370688,767550,2017,Ger,,,,,
16 years,415392,384178,799570,2017,Ger,,,,,
17 years,433552,393370,826922,2017,Ger,,,,,
18 years,446715,400583,847298,2017,Ger,,,,,
19 years,466835,418545,885380,2017,Ger,,,,,
20 years,477765,429752,907517,2017,Ger,,,,,
21 years,472091,426838,898928,2017,Ger,,,,,
22 years,472272,427806,900077,2017,Ger,,,,,
23 years,484828,442254,927082,2017,Ger,,,,,
24 years,497549,457121,954670,2017,Ger,,,,,
25 years,511501,472370,983871,2017,Ger,,,,,
26 years,546949,504894,1051843,2017,Ger,,,,,
27 years,567716,525868,1093583,2017,Ger,,,,,
28 years,570810,529913,1100723,2017,Ger,,,,,
29 years,571489,530911,1102399,2017,Ger,,,,,
30 years,558352,523116,1081468,2017,Ger,,,,,
31 years,543169,512939,1056107,2017,Ger,,,,,
32 years,531914,504804,1036718,2017,Ger,,,,,
33 years,529050,505481,1034530,2017,Ger,,,,,
34 years,533955,512887,1046841,2017,Ger,,,,,
35 years,534708,518135,1052842,2017,Ger,,,,,
36 years,531665,519167,1050831,2017,Ger,,,,,
37 years,519450,508630,1028080,2017,Ger,,,,,
38 years,502491,492668,995159,2017,Ger,,,,,
39 years,496887,486826,983713,2017,Ger,,,,,
40 years,489154,480528,969682,2017,Ger,,,,,
41 years,477983,470001,947983,2017,Ger,,,,,
42 years,474226,467125,941351,2017,Ger,,,,,
43 years,478051,473290,951341,2017,Ger,,,,,
44 years,500379,494437,994816,2017,Ger,,,,,
45 years,547274,538425,1085699,2017,Ger,,,,,
46 years,583999,574019,1158018,2017,Ger,,,,,
47 years,617063,604937,1222000,2017,Ger,,,,,
48 years,654754,639963,1294717,2017,Ger,,,,,
49 years,677896,663272,1341168,2017,Ger,,,,,
50 years,695279,680614,1375892,2017,Ger,,,,,
51 years,705524,689503,1395027,2017,Ger,,,,,
52 years,712080,696435,1408515,2017,Ger,,,,,
53 years,713238,700353,1413591,2017,Ger,,,,,
54 years,696001,687152,1383153,2017,Ger,,,,,
55 years,676105,672641,1348745,2017,Ger,,,,,
56 years,656611,657272,1313883,2017,Ger,,,,,
57 years,634081,636692,1270773,2017,Ger,,,,,
58 years,605416,609666,1215082,2017,Ger,,,,,
59 years,578308,585531,1163839,2017,Ger,,,,,
60 years,559735,571249,1130984,2017,Ger,,,,,
61 years,538351,555870,1094221,2017,Ger,,,,,
62 years,518440,544488,1062927,2017,Ger,,,,,
63 years,498729,532512,1031241,2017,Ger,,,,,
64 years,485470,523326,1008795,2017,Ger,,,,,
65 years,476623,516277,992900,2017,Ger,,,,,
66 years,467885,509278,977163,2017,Ger,,,,,
67 years,456913,498122,955034,2017,Ger,,,,,
68 years,426938,465286,892224,2017,Ger,,,,,
69 years,391022,429156,820177,2017,Ger,,,,,
70 years,349149,388340,737489,2017,Ger,,,,,
71 years,299467,339760,639226,2017,Ger,,,,,
72 years,322127,370820,692947,2017,Ger,,,,,
73 years,366248,423461,789708,2017,Ger,,,,,
74 years,357113,416940,774053,2017,Ger,,,,,
75 years,379660,452538,832198,2017,Ger,,,,,
76 years,413744,506220,919964,2017,Ger,,,,,
77 years,406356,509334,915690,2017,Ger,,,,,
78 years,374626,479689,854315,2017,Ger,,,,,
79 years,333172,437152,770324,2017,Ger,,,,,
80 years,298933,404213,703145,2017,Ger,,,,,
81 years,269913,377723,647635,2017,Ger,,,,,
82 years,236296,342899,579195,2017,Ger,,,,,
83 years,187555,283344,470899,2017,Ger,,,,,
84 years,150409,238809,389218,2017,Ger,,,,,
85 years and over,708012,1548219,2256219,2017,Ger,,,,,
Total,40770342,41886661,82657002,2017,Ger,,,,,
under 1 year,402326,382201,784526,2018,Ger,,,,,
1 year,408063,388199,796262,2018,Ger,,,,,
2 years,403451,383189,786640,2018,Ger,,,,,
3 years,394864,373952,768816,2018,Ger,,,,,
4 years,385455,364890,750345,2018,Ger,,,,,
5 years,378235,357674,735909,2018,Ger,,,,,
6 years,373240,352899,726139,2018,Ger,,,,,
7 years,373170,353430,726600,2018,Ger,,,,,
8 years,374956,354747,729703,2018,Ger,,,,,
9 years,377197,356681,733878,2018,Ger,,,,,
10 years,381024,360190,741214,2018,Ger,,,,,
11 years,376769,354869,731638,2018,Ger,,,,,
12 years,375193,353679,728872,2018,Ger,,,,,
13 years,381239,360086,741325,2018,Ger,,,,,
14 years,385621,363805,749425,2018,Ger,,,,,
15 years,389898,366397,756295,2018,Ger,,,,,
16 years,400771,373470,774241,2018,Ger,,,,,
17 years,419151,386815,805965,2018,Ger,,,,,
18 years,440329,398525,838854,2018,Ger,,,,,
19 years,456858,409811,866668,2018,Ger,,,,,
20 years,475741,429171,904912,2018,Ger,,,,,
21 years,485381,438871,924252,2018,Ger,,,,,
22 years,479686,434989,914675,2018,Ger,,,,,
23 years,480563,437052,917615,2018,Ger,,,,,
24 years,492674,450767,943440,2018,Ger,,,,,
25 years,504564,464788,969351,2018,Ger,,,,,
26 years,518086,479433,997518,2018,Ger,,,,,
27 years,552443,511347,1063790,2018,Ger,,,,,
28 years,572718,531789,1104507,2018,Ger,,,,,
29 years,575069,535473,1110542,2018,Ger,,,,,
30 years,575322,535840,1111161,2018,Ger,,,,,
31 years,561805,527956,1089761,2018,Ger,,,,,
32 years,546347,517256,1063603,2018,Ger,,,,,
33 years,534937,508899,1043836,2018,Ger,,,,,
34 years,531980,509301,1041281,2018,Ger,,,,,
35 years,536311,516392,1052703,2018,Ger,,,,,
36 years,536971,521473,1058444,2018,Ger,,,,,
37 years,534073,522433,1056506,2018,Ger,,,,,
38 years,521279,511470,1032749,2018,Ger,,,,,
39 years,504422,495491,999913,2018,Ger,,,,,
40 years,498783,489496,988278,2018,Ger,,,,,
41 years,491065,483177,974242,2018,Ger,,,,,
42 years,479633,472383,952016,2018,Ger,,,,,
43 years,476005,469541,945545,2018,Ger,,,,,
44 years,479608,475360,954967,2018,Ger,,,,,
45 years,501386,496242,997628,2018,Ger,,,,,
46 years,548174,540107,1088281,2018,Ger,,,,,
47 years,584496,575348,1159844,2018,Ger,,,,,
48 years,617318,605882,1223200,2018,Ger,,,,,
49 years,654349,640603,1294951,2018,Ger,,,,,
50 years,677110,663653,1340762,2018,Ger,,,,,
51 years,693754,680506,1374260,2018,Ger,,,,,
52 years,703438,688985,1392422,2018,Ger,,,,,
53 years,709513,695609,1405122,2018,Ger,,,,,
54 years,710292,699140,1409431,2018,Ger,,,,,
55 years,692609,685615,1378224,2018,Ger,,,,,
56 years,672321,670796,1343117,2018,Ger,,,,,
57 years,652325,655140,1307464,2018,Ger,,,,,
58 years,629362,634276,1263637,2018,Ger,,,,,
59 years,600368,607057,1207425,2018,Ger,,,,,
60 years,572843,582636,1155478,2018,Ger,,,,,
61 years,553820,568061,1121880,2018,Ger,,,,,
62 years,532094,552572,1084665,2018,Ger,,,,,
63 years,511651,540839,1052490,2018,Ger,,,,,
64 years,491452,528520,1019971,2018,Ger,,,,,
65 years,477903,519089,996991,2018,Ger,,,,,
66 years,468389,511743,980131,2018,Ger,,,,,
67 years,459439,504408,963847,2018,Ger,,,,,
68 years,448121,492980,941101,2018,Ger,,,,,
69 years,418042,459984,878026,2018,Ger,,,,,
70 years,382252,423752,806003,2018,Ger,,,,,
71 years,340546,382948,723494,2018,Ger,,,,,
72 years,291394,334679,626073,2018,Ger,,,,,
73 years,312911,364590,677501,2018,Ger,,,,,
74 years,355087,416071,771157,2018,Ger,,,,,
75 years,345272,408947,754219,2018,Ger,,,,,
76 years,366080,443175,809255,2018,Ger,,,,,
77 years,397358,494475,891833,2018,Ger,,,,,
78 years,388768,496263,885031,2018,Ger,,,,,
79 years,356545,465523,822068,2018,Ger,,,,,
80 years,315265,422251,737515,2018,Ger,,,,,
81 years,280786,388277,669063,2018,Ger,,,,,
82 years,251420,360377,611797,2018,Ger,,,,,
83 years,218093,324667,542760,2018,Ger,,,,,
84 years,171333,265937,437270,2018,Ger,,,,,
85 years and over,728195,1543296,2271491,2018,Ger,,,,,
Total,40905128,42000654,82905782,2018,Ger,,,,,
under 1 year,399821,379603,779424,2019,Ger,,,,,
1 year,407786,387468,795253,2019,Ger,,,,,
2 years,411277,391257,802533,2019,Ger,,,,,
3 years,406266,386024,792290,2019,Ger,,,,,
4 years,397755,376633,774387,2019,Ger,,,,,
5 years,388134,367471,755604,2019,Ger,,,,,
6 years,380582,359770,740352,2019,Ger,,,,,
7 years,375864,355428,731291,2019,Ger,,,,,
8 years,375995,356028,732023,2019,Ger,,,,,
9 years,377936,357399,735335,2019,Ger,,,,,
10 years,380005,359356,739361,2019,Ger,,,,,
11 years,383821,362776,746597,2019,Ger,,,,,
12 years,379446,357351,736797,2019,Ger,,,,,
13 years,377745,355985,733729,2019,Ger,,,,,
14 years,383775,362289,746064,2019,Ger,,,,,
15 years,388400,366188,754587,2019,Ger,,,,,
16 years,393196,369004,762200,2019,Ger,,,,,
17 years,403891,375951,779842,2019,Ger,,,,,
18 years,425284,391854,817138,2019,Ger,,,,,
19 years,450003,407592,857594,2019,Ger,,,,,
20 years,465346,419918,885264,2019,Ger,,,,,
21 years,482853,437357,920210,2019,Ger,,,,,
22 years,492338,446247,938585,2019,Ger,,,,,
23 years,487276,443482,930758,2019,Ger,,,,,
24 years,487943,445093,933036,2019,Ger,,,,,
25 years,499146,457917,957062,2019,Ger,,,,,
26 years,510414,471339,981753,2019,Ger,,,,,
27 years,523144,485574,1008717,2019,Ger,,,,,
28 years,556936,516451,1073387,2019,Ger,,,,,
29 years,576321,536664,1112985,2019,Ger,,,,,
30 years,578531,539878,1118408,2019,Ger,,,,,
31 years,578249,540360,1118609,2019,Ger,,,,,
32 years,564558,531776,1096334,2019,Ger,,,,,
33 years,548792,520955,1069747,2019,Ger,,,,,
34 years,537044,512234,1049278,2019,Ger,,,,,
35 years,534123,512512,1046635,2019,Ger,,,,,
36 years,537837,519382,1057219,2019,Ger,,,,,
37 years,538616,524226,1062842,2019,Ger,,,,,
38 years,535190,524934,1060124,2019,Ger,,,,,
39 years,522454,514040,1036494,2019,Ger,,,,,
40 years,505609,497836,1003444,2019,Ger,,,,,
41 years,499838,491697,991535,2019,Ger,,,,,
42 years,491889,485179,977068,2019,Ger,,,,,
43 years,480707,474453,955159,2019,Ger,,,,,
44 years,476904,471273,948177,2019,Ger,,,,,
45 years,480047,477018,957065,2019,Ger,,,,,
46 years,501913,497636,999549,2019,Ger,,,,,
47 years,548124,541285,1089408,2019,Ger,,,,,
48 years,584078,576087,1160164,2019,Ger,,,,,
49 years,616418,606335,1222753,2019,Ger,,,,,
50 years,653125,640697,1293821,2019,Ger,,,,,
51 years,675314,663276,1338590,2019,Ger,,,,,
52 years,691458,679811,1371268,2019,Ger,,,,,
53 years,700733,687968,1388701,2019,Ger,,,,,
54 years,706368,694344,1400712,2019,Ger,,,,,
55 years,706561,697538,1404099,2019,Ger,,,,,
56 years,688596,683670,1372266,2019,Ger,,,,,
57 years,667705,668458,1336163,2019,Ger,,,,,
58 years,647174,652600,1299774,2019,Ger,,,,,
59 years,623998,631464,1255461,2019,Ger,,,,,
60 years,594456,603920,1198376,2019,Ger,,,,,
61 years,566724,579384,1146108,2019,Ger,,,,,
62 years,547301,564575,1111876,2019,Ger,,,,,
63 years,525060,548742,1073801,2019,Ger,,,,,
64 years,504049,536634,1040683,2019,Ger,,,,,
65 years,483530,524144,1007673,2019,Ger,,,,,
66 years,469591,514289,983880,2019,Ger,,,,,
67 years,459653,506732,966384,2019,Ger,,,,,
68 years,450546,499170,949716,2019,Ger,,,,,
69 years,438762,487351,926112,2019,Ger,,,,,
70 years,408536,454110,862646,2019,Ger,,,,,
71 years,372893,417879,790771,2019,Ger,,,,,
72 years,331451,377225,708676,2019,Ger,,,,,
73 years,283067,329024,612091,2019,Ger,,,,,
74 years,303137,358000,661137,2019,Ger,,,,,
75 years,343167,407863,751030,2019,Ger,,,,,
76 years,332946,400275,733221,2019,Ger,,,,,
77 years,351738,432933,784671,2019,Ger,,,,,
78 years,380255,481749,862004,2019,Ger,,,,,
79 years,370215,481763,851978,2019,Ger,,,,,
80 years,337725,450064,787788,2019,Ger,,,,,
81 years,296543,406168,702711,2019,Ger,,,,,
82 years,262136,370997,633133,2019,Ger,,,,,
83 years,232659,341793,574451,2019,Ger,,,,,
84 years,199646,305212,504857,2019,Ger,,,,,
85 years and over,765739,1566443,2332182,2019,Ger,,,,,
Total,41002152,42090810,83092962,2019,Ger,,,,,
under 1 year,396447,375679,772125,2020,Ger,,,,,
1 year,404653,384210,788863,2020,Ger,,,,,
2 years,410556,389835,800391,2020,Ger,,,,,
3 years,413584,393424,807007,2020,Ger,,,,,
4 years,408658,388214,796872,2020,Ger,,,,,
5 years,399931,378686,778617,2020,Ger,,,,,
6 years,390020,369251,759271,2020,Ger,,,,,
7 years,382813,361895,744708,2020,Ger,,,,,
8 years,378224,357622,735845,2020,Ger,,,,,
9 years,378520,358310,736829,2020,Ger,,,,,
10 years,380372,359695,740067,2020,Ger,,,,,
11 years,382457,361583,744040,2020,Ger,,,,,
12 years,386196,364925,751120,2020,Ger,,,,,
13 years,381640,359299,740939,2020,Ger,,,,,
14 years,379966,357872,737838,2020,Ger,,,,,
15 years,386192,364329,750521,2020,Ger,,,,,
16 years,391009,368222,759230,2020,Ger,,,,,
17 years,395680,370963,766643,2020,Ger,,,,,
18 years,408730,380047,788777,2020,Ger,,,,,
19 years,433556,399283,832839,2020,Ger,,,,,
20 years,456949,415457,872406,2020,Ger,,,,,
21 years,470446,425221,895666,2020,Ger,,,,,
22 years,487488,441827,929315,2020,Ger,,,,,
23 years,497837,452215,950051,2020,Ger,,,,,
24 years,492641,449383,942024,2020,Ger,,,,,
25 years,492512,450515,943026,2020,Ger,,,,,
26 years,502947,462933,965880,2020,Ger,,,,,
27 years,513855,476135,989990,2020,Ger,,,,,
28 years,526090,489452,1015542,2020,Ger,,,,,
29 years,558992,520277,1079269,2020,Ger,,,,,
30 years,578309,540119,1118428,2020,Ger,,,,,
31 years,580053,543206,1123259,2020,Ger,,,,,
32 years,579535,543400,1122935,2020,Ger,,,,,
33 years,565956,534572,1100527,2020,Ger,,,,,
34 years,549750,523507,1073257,2020,Ger,,,,,
35 years,538252,514840,1053092,2020,Ger,,,,,
36 years,534694,514798,1049492,2020,Ger,,,,,
37 years,538453,521469,1059922,2020,Ger,,,,,
38 years,539109,526040,1065149,2020,Ger,,,,,
39 years,535490,526900,1062390,2020,Ger,,,,,
40 years,522662,515842,1038503,2020,Ger,,,,,
41 years,505845,499463,1005308,2020,Ger,,,,,
42 years,499939,493171,993110,2020,Ger,,,,,
43 years,491952,486657,978609,2020,Ger,,,,,
44 years,480675,475754,956429,2020,Ger,,,,,
45 years,476741,472515,949255,2020,Ger,,,,,
46 years,479804,478008,957811,2020,Ger,,,,,
47 years,501260,498488,999748,2020,Ger,,,,,
48 years,547189,541714,1088903,2020,Ger,,,,,
49 years,582617,576276,1158893,2020,Ger,,,,,
50 years,614755,606141,1220895,2020,Ger,,,,,
51 years,651105,640184,1291289,2020,Ger,,,,,
52 years,672807,662604,1335411,2020,Ger,,,,,
53 years,688489,678759,1367247,2020,Ger,,,,,
54 years,697296,686592,1383888,2020,Ger,,,,,
55 years,702367,692728,1395095,2020,Ger,,,,,
56 years,702223,695535,1397757,2020,Ger,,,,,
57 years,683736,681262,1364998,2020,Ger,,,,,
58 years,662371,665877,1328248,2020,Ger,,,,,
59 years,641561,649654,1291215,2020,Ger,,,,,
60 years,617786,628237,1246022,2020,Ger,,,,,
61 years,588018,600556,1188573,2020,Ger,,,,,
62 years,559895,575818,1135713,2020,Ger,,,,,
63 years,540006,560694,1100700,2020,Ger,,,,,
64 years,517304,544644,1061947,2020,Ger,,,,,
65 years,495831,532347,1028178,2020,Ger,,,,,
66 years,475038,519282,994319,2020,Ger,,,,,
67 years,460781,509294,970075,2020,Ger,,,,,
68 years,450637,501566,952203,2020,Ger,,,,,
69 years,440871,493423,934294,2020,Ger,,,,,
70 years,428684,481252,909935,2020,Ger,,,,,
71 years,398562,447793,846355,2020,Ger,,,,,
72 years,363057,411701,774758,2020,Ger,,,,,
73 years,321985,370954,692939,2020,Ger,,,,,
74 years,274110,322987,597097,2020,Ger,,,,,
75 years,292841,350799,643640,2020,Ger,,,,,
76 years,330639,399047,729686,2020,Ger,,,,,
77 years,319752,390920,710672,2020,Ger,,,,,
78 years,336632,421743,758374,2020,Ger,,,,,
79 years,362167,467686,829853,2020,Ger,,,,,
80 years,350651,465752,816403,2020,Ger,,,,,
81 years,317675,433057,750732,2020,Ger,,,,,
82 years,277092,388492,665583,2020,Ger,,,,,
83 years,242763,352138,594901,2020,Ger,,,,,
84 years,213124,321650,534774,2020,Ger,,,,,
85 years and over,822231,1624163,2446393,2020,Ger,,,,,
Total,41032066,42128805,83160871,2020,Ger,,,,,
,,,,,,,,,,
,,,,,,,,,,
,,,,,,,,,,
,,,,,,,,,,
,,,,,,,,,,
